Word,Frequency
indian,54
premier,96
league,114
wikipedia,6
function,6
var,16
cookie,2
1,25
2c,1
pref,1
new,20
regexp,1
2,23
wgbreakframes,1
false,12
wgseparatortransformtable,1
wgdigittransformtable,1
wgdefaultdateformat,1
dmy,3
wgmonthnames,1
january,26
february,37
march,37
april,60
may,55
june,38
july,13
august,28
september,21
october,26
november,21
december,21
wgrequestid,1
wgcanonicalnamespace,1
wgcanonicalspecialpagename,1
wgnamespacenumber,1
wgpagename,1
wgtitle,1
wgcurrevisionid,1
wgrevisionid,1
wgarticleid,1
wgisarticle,1
true,10
wgisredirect,1
wgaction,1
view,1
wgusername,1
null,1
wgusergroups,1
wgcategories,1
pages,3
using,5
easytimeline,2
extension,1
cs1,1
sources,3
id,2
webarchive,2
template,11
wayback,2
links,2
articles,8
short,3
description,3
different,4
wikidata,2
indefinitely,3
use,4
english,7
2021,36
written,2
dates,2
2025,43
containing,6
potentially,6
dated,6
statements,6
commons,3
category,2
link,2
professional,5
sports,53
leagues,24
india,55
cricket,59
twenty20,20
established,6
2008,26
establishments,2
sport,5
wgpageviewlanguage,1
en,4
wgpagecontentlanguage,1
wgpagecontentmodel,1
wikitext,1
wgrelevantpagename,1
wgrelevantarticleid,1
wgisprobablyeditable,1
wgrelevantpageisprobablyeditable,1
wgrestrictionedit,1
autoconfirmed,1
wgrestrictionmove,1
wgnoticeproject,1
wgflaggedrevsparams,1
tags,1
status,1
levels,1
wgmediavieweronclick,1
wgmediaviewerenabledbydefault,1
wgpopupsflags,1
wgvisualeditor,1
pagelanguagecode,1
pagelanguagedir,1
ltr,1
pagevariantfallbacks,1
wgmfdisplaywikibasedescriptions,1
search,1
watchlist,1
tagline,1
nearby,1
wgwmeschemaeditattemptstepoversample,1
wgwmepagelength,1
wgmetricsplatformuserexperiments,1
overrides,1
enrolled,1
assigned,1
wgeditsubmitbuttonlabelpublish,1
wgulsposition,1
interlanguage,1
wgulsiscompactlinksenabled,1
wgvector2022languageinheader,1
wgulsislanguageselectorempty,1
wgwikibaseitemid,1
q396412,1
wgcheckuserclienthintsheadersjsapi,1
brands,1
architecture,1
bitness,1
fullversionlist,1
mobile,2
model,3
platform,3
platformversion,1
gehomepagesuggestededitsenabletopics,1
wggesuggestededitstasktypes,1
tasktypes,1
copyedit,1
unavailabletasktypes,1
wggetopicsmatchmodeenabled,1
wggelevelingupenabledforuser,1
ready,16
user,1
loading,1
site,2
return,2
12s5i,1
jquery,1
require,2
module,1
patroltoken,1
watchtoken,1
csrftoken,1
jump,1
contentmain,1
menumain,1
menumove,1
sidebarhidenavigationmain,1
pagecontentscurrent,1
eventsrandom,1
articleabout,1
wikipediacontact,1
uscontributehelplearn,1
editcommunity,1
portalrecent,1
changesupload,2
filespecial,1
pagessearchsearchappearancedonatecreate,1
accountlog,2
inpersonal,1
toolsdonatecreate,1
inpages,1
logged,1
editorslearn,1
morecontributionstalkcontentsmove,1
sidebarhide,1
top,8
1historytoggle,1
history,3
terminations2organizationtoggle,1
organization,4
money3rules,1
format4teamstoggle,1
teams,42
teams5squadstoggle,1
squads,2
salaries6tournament,1
summary7editions,1
results8performance,1
teamstoggle,1
performance,3
time,10
standings9records,1
statisticstoggle,1
records,4
statistics,1
appearances10prizestoggle,1
prizes,1
play,11
valuable,4
player,42
sixes,6
award11financestoggle,1
finances,1
foreign,6
national,11
value12broadcastingtoggle,1
broadcasting,2
broadcasters13controversiestoggle,1
controversies,1
royals,14
ownership,6
srinivasan,9
players,71
dispute,4
australia,4
regarding,2
ipl,232
tharoor,6
sunanda,2
pushkar,4
sweat,2
equity,4
impact,8
international,10
pakistani,7
bangladeshi,6
players14see,1
also15notes16references17external,1
linkstoggle,1
table,24
contentsindian,2
league100,2
englishسنڌيslovenčinaslovenščinasoomaaligaсрпски,1
srpskisrpskohrvatski,1
uyghurcheyorùbá粵語中文nupeedit,1
linksarticletalkenglishreadview,1
sourceview,2
historytoolstoolsmove,1
sidebarhideactionsreadview,1
historygeneralwhat,1
hererelated,1
filepermanent,1
linkpage,1
informationcite,1
pageget,1
shortened,1
urldownload,1
qr,1
pdfprintable,1
versionin,1
projectswikimedia,1
commonswikidata,1
itemappearancemove,1
sidebarhidefrom,1
free,3
encyclopediaprofessional,1
italic,2
normal,4
media,40
print,6
display,29
none,23
important,32
women,81
tournament,24
seewomen,1
redirects,1
uses,1
seeipl,1
disambiguation,1
border,14
margin,2
width,1
auto,2
clear,8
float,12
transparent,7
color,25
inherit,23
screen,15
div,15
style,2
background,15
1f1f23,2
f8f9fa,5
dark,9
responsive,7
caption,1
tbody,8
th,3
td,6
right,16
0,17
1em,12
solid,12
a2a9b1,4
center,11
collapse,1
left,11
bold,7
aaa,4
img,6
dl,10
ol,19
ul,13
dd,17
dt,16
li,27
inline,6
content,16
listitem,4
counter,3
seasons2008200920102011201220132014201520162017201820192020202120222023202420252026theindian,1
professionaltwenty20,1
t20,41
cricketleague,1
organised,1
theboard,2
control,4
bcci,65
founded,1
2007,12
features,3
ten,1
themost,1
popularandrichestcricket,1
world,15
held,8
annually,1
exclusive,1
window,2
thefuture,1
tours,3
programmeof,1
theinternational,2
council,8
resulting,2
fewer,1
occurring,1
seasons,13
3,26
also,8
viewed,1
event,2
per,7
thebroadcast,1
audience,1
research,1
4,23
5,18
2010,17
became,4
first,9
sporting,5
broadcast,7
live,6
onyoutube,1
6,12
7,11
2014,11
ranked,1
sixth,1
attendance,1
among,6
8,19
inspired,1
success,1
otherindian,1
leagueshave,1
11,13
12,12
value,20
thenational,2
football,17
13,14
2023,86
sold,7
rights,34
next,4
four,7
us,37
billion,18
toviacom18andstar,1
14,20
meant,1
match,21
valued,8
million,38
15,10
18,28
current,3
champions,3
theroyal,1
challengers,24
bengaluru,5
the2025,3
seasonafter,1
defeating,1
thepunjab,1
kingsin,2
edition,4
known,2
thewomen,3
2022,70
itsfirst,1
seasonin,1
16,9
17,9
historywinners,1
theindian,6
leagueseasonwinners2008rajasthan,1
royals2009deccan,1
chargers2010chennai,1
super,71
kings2011chennai,1
kings,22
2012kolkata,2
knight,24
riders2013mumbai,1
indians2014kolkata,1
riders,5
2015mumbai,2
indians,14
2016sunrisers,2
hyderabad2017mumbai,1
2018chennai,2
2019mumbai,2
2020mumbai,2
2021chennai,2
2022gujarat,2
titans2023chennai,1
2024kolkata,2
2025royal,2
bengalurubackgroundin,1
essel,1
grouplaunched,1
icl,9
partnership,1
withil,1
fs,2
19,10
recognized,1
icc,3
moreover,1
unhappy,1
committee,3
members,4
joining,1
executive,1
board,3
20,47
21,20
response,1
increased,1
prize,9
money,12
domestic,9
tournaments,4
imposed,3
lifetime,3
bans,2
joined,2
considered,2
rebel,1
22,14
23,12
foundationon,1
the2007,1
twenty20began,1
launched,2
annual,3
competition,6
24,14
inaugural,4
season,40
scheduled,1
start,3
commencing,1
ceremony,1
delhi,15
modi,6
led,4
initiative,1
provided,2
details,1
including,4
format,1
franchise,24
revenue,7
system,6
squad,8
composition,1
rules,10
managed,1
governing,5
would,10
serve,1
qualifying,1
mechanism,1
25,14
determine,1
team,55
auction,45
franchises,19
reserve,1
prices,1
eight,5
totalled,1
400,1
ultimately,1
raised,1
26,18
officially,2
commenced,1
featuringchennai,1
csk,19
mumbai,13
mi,11
daredevils,1
xi,8
punjab,8
kxip,7
deccan,5
chargers,5
dc,4
rajasthan,14
rr,16
kolkata,3
kkr,12
androyal,1
bangalore,1
rcb,15
27,14
2009,16
boards,5
offered,3
amnesty,2
rival,1
officials,1
terminated,8
contracts,5
exodus,1
financial,7
difficulties,1
forced,1
shut,1
later,7
year,11
28,9
29,9
30,9
the2008,1
iplinaugural,1
inchennaiexpansions,1
terminationsnew,1
pune,17
warriors,12
indiaandkochi,1
tuskers,8
kerala,3
fourth,1
2011,5
31,7
thesahara,1
adventure,1
grouppurchased,1
370,1
whilerendezvous,1
worldbought,1
kochi,4
one,14
due,21
failure,1
pay,8
10,20
bank,1
guarantee,1
element,1
fee,2
32,3
2012,14
thedeccan,1
chargersfranchise,1
agreement,2
failed,1
find,4
owners,8
33,2
replacement,2
sun,4
tv,8
networkwon,1
bid,6
thehyderabadfranchise,1
34,1
namedsunrisers,1
hyderabad,8
35,1
withdrew,3
2013,16
differences,2
36,1
reverted,1
37,1
2015,10
championschennai,1
kingsand,1
championsrajasthan,1
royalswere,1
suspended,8
two,27
following,5
involvement,1
betting,7
scandal,4
38,1
replaced,3
byrising,1
supergiantandgujarat,2
lions,3
based,4
inpuneandrajkot,1
respectively,2
39,1
40,3
pandemic,2
venue,1
the2020,1
seasonwas,2
moved,1
games,3
played,4
theunited,3
arab,3
emirates,3
41,2
42,1
announced,1
six,5
shortlisted,1
cities,1
join,1
the2022,1
43,1
44,1
closed,2
bidding,2
therpsg,1
groupandcvc,1
capitalwon,1
bids,4
crore,52
830,1
620,2
45,2
46,1
subsequently,2
namedlucknow,1
giantsandgujarat,1
expanded,2
business,4
acquiring,1
west,4
cpl,1
south,3
ilt20,1
mlc,1
three,10
existing,1
capitalsandroyal,1
bengalurusecured,1
homonymous,1
47,2
addition,2
acquisitions,2
capitalsalso,1
bought,4
stake,8
orcas,2
48,2
stakes,2
fromthe,9
hundredbecame,1
group,15
lucknow,6
giants,5
70,2
inmanchester,1
originalsfor,1
around,3
whilereliance,1
industries,3
49,3
theoval,1
invinciblesfor,1
yorkshiresold,1
100,3
ofnorthern,1
superchargerstosun,1
sunrisers,6
50,4
thegmr,1
capitals,7
already,1
acquiredhampshirein,1
2024,36
deal,9
club,5
51,2
thesouthern,1
brave,2
remaining,2
52,2
iplindia,1
indies,2
africa,4
hundredenglandchennai,1
kingsjoburg,1
kingstexas,1
kingsdelhi,1
capitalsdelhi,1
capitalspretoria,1
capitalsdubai,1
capitalsseattle,1
b,3
southern,2
bravegujarat,1
titanskolkata,1
riderstrinbago,1
ridersabu,1
dhabi,2
riderslos,1
angeles,1
riderslucknow,2
giantsdurban,1
giantsmanchester,1
originals,2
indiansmumbai,2
indiansmi,1
cape,2
townmi,1
emiratesmi,1
yorkoval,1
invincibles,1
kingssaint,1
lucia,1
kingsrajasthan,1
royalsbarbados,1
royalspaarl,1
royalsroyal,1
bengalururoyal,1
bengalurusunrisers,2
hyderabadsunrisers,1
eastern,1
capenorthern,1
superchargersorganizationthe,1
headquarters,1
located,1
centre,1
thewankhede,1
stadiuminchurchgate,1
responsible,1
functions,1
update,2
included,2
53,1
arun,3
singh,4
dhumal,2
chairman,3
54,1
55,4
devajit,1
honorary,2
secretary,1
memberprabhtej,1
bhatia,1
treasurer,1
memberavishek,1
dalmiya,1
membervankina,1
chamundeswara,1
cricketers,15
association,2
representative,1
membercm,1
sane,1
memberprize,1
moneythe,1
total,4
equivalent,4
winning,4
56,1
57,1
mandate,1
half,1
must,8
distributed,1
58,2
royal,3
title,16
receiving,2
earned,1
59,3
formatthe,1
several,4
vary,1
establishedlaws,1
cricketor,1
used,5
othertwenty20leagues,1
incorporatetelevision,1
timeouts,8
given,2
innings,9
taken,4
bowling,6
end,12
either,3
6th,1
7th,1
8th,1
9thoverand,1
batting,1
13th,1
14th,1
15th,2
16th,1
penalty,2
umpires,3
misusing,1
privilege,1
60,1
since,51
2018,17
thedecision,1
review,3
drs,2
matches,10
allowing,1
opportunities,1
umpire,1
decision,3
61,1
the2023,2
extended,2
allow,5
62,3
complete,1
overs,37
allocated,1
place,12
fielders,2
outside,3
fielding,4
restrictions,1
circle,1
remainder,1
theinnings,1
referee,2
impose,1
sanctions,1
fined,3
proportion,1
63,1
asubstitute,1
termed,1
list,12
five,6
named,2
possible,1
substitutes,1
substitution,1
made,2
wicket,2
falls,1
batter,1
retires,1
introduce,1
substitute,1
64,3
65,3
declare,1
playing,10
eleven,3
toss,2
fielder,2
makes,2
unfair,2
movement,2
bowler,2
ball,3
designated,1
asdead,1
66,1
include,7
maximum,7
overseas,7
wants,7
67,3
the2024,4
bowlers,2
allowed,2
deliver,1
bouncers,2
change,2
conditions,1
trialled,1
syed,2
mushtaq,4
ali,6
trophy,11
68,1
consists,2
stage,4
followed,1
eliminator,6
3rd,6
final20111074double,1
final201586020168602017860201886020198602020860202186020221074double,1
position,6
absolute,6
fff,1
000,2
filter,4
grayscale,2
white,1
began,1
in2008,1
iplwith,1
years,14
saw,2
issues,1
bysunrisers,1
hyderabadin,1
keraladebuted,1
lasted,1
contract,12
indiaparticipated,1
from2011,1
iplto2013,1
iplbut,1
disputes,1
2016,16
chennai,7
andrajasthan,1
leading,2
temporary,1
inclusion,1
ofrising,1
in2016,1
ipland2017,1
iplbefore,1
dissolved,1
returned,2
in2018,1
in2022,1
introduction,1
ofgujarat,2
titansandlucknow,1
making,2
underwent,1
rebranding,1
asdelhi,1
daredevilsbecomingdelhi,1
capitalsin,1
2019,19
andkings,1
punjabrebranding,1
aspunjab,1
kingsandmumbai,2
indiansremain,1
successful,1
titles,3
69,1
grounddebutcaptainhead,1
coachowner,1
refchennai,1
kingschennai,1
tamil,4
nadum,1
chidambaram,4
stadium2008ruturaj,1
gaikwadstephen,1
flemingchennai,1
limiteddelhi,1
capitalsnew,1
delhiarun,1
jaitley,1
stadium2008axar,1
patelhemang,1
badanigmr,1
jsw,2
gujarat,7
titansahmedabad,1
gujaratnarendra,1
stadium2022shubman,1
gillashish,1
nehratorrent,1
cvc,2
capital,2
71,2
riderskolkata,1
bengaleden,1
gardens2008ajinkya,1
rahanechandrakant,1
panditshah,1
rukh,2
khan,5
mehta,1
giantslucknow,1
uttar,2
pradeshekana,1
stadium2022rishabh,1
pantjustin,1
goenka,3
72,1
maharashtrawankhede,1
stadium2008hardik,1
pandyamahela,1
jayawardenereliance,1
73,1
kingsnew,1
chandigarh,2
punjabmaharaja,1
yadavindra,1
stadium2008shreyas,1
iyerricky,1
pontingmohit,1
burman,2
ness,1
wadia,1
preity,3
zinta,5
karan,1
paul,1
74,1
royalsjaipur,1
rajasthansawai,1
mansingh,1
stadium2008sanju,1
samsonrahul,1
dravidmanoj,1
badale,1
redbird,1
lachlan,1
murdoch,1
75,3
bengalurubengaluru,1
karnatakam,1
chinnaswamy,3
stadium2008rajat,1
patidarandy,1
flowerunited,1
spirits,2
76,1
hyderabadhyderabad,1
telanganarajiv,1
gandhi,4
stadium2013pat,1
cumminsdaniel,1
vettorisun,1
network,2
77,2
defunct,9
teamsteamcitystatehome,1
grounddebutdissolvedowner,1
chargershyderabadandhra,1
pradesh,9
78,1
rajiv,4
stadium20082012deccan,1
chroniclekochi,1
keralakochikeralajawaharlal,1
nehru,1
stadium20112012rendezvous,1
worldpune,1
indiapunemaharashtramca,1
stadium20112013sahara,1
pariwarrising,1
groupgujarat,1
lionsrajkotgujaratniranjan,1
shah,2
stadium20162018intex,1
technologiestimeline,1
teamspresent,1
teamsformer,1
teamssuspendedsquadsa,1
acquire,1
b1d2ff,1
0f4dc9,2
trading,4
windows,3
signing,3
replacements,3
unavailable,2
acquisitionfor,1
salary,9
cap,16
spend,1
least,3
minimum,1
permitted,1
retain,5
select,3
number,3
retaining,1
determined,1
prior,3
salaries,4
retained,4
deducted,3
79,2
participate,1
merely,1
continue,3
usually,1
takes,2
winter,1
months,3
middle,4
offseason,1
attached,1
previous,3
enter,1
signs,1
sets,3
base,1
price,2
plays,2
80,1
purchased,1
final,11
determines,1
amount,5
playersat,1
become,5
signings,1
injured,1
holds,1
every,4
hold,3
81,1
82,2
mega,5
small,1
recent,3
required,1
release,2
majority,2
pool,4
designed,1
ensure,1
parity,1
forces,2
rebuild,1
regular,1
intervals,2
auctions,1
high,1
often,2
called,3
83,1
want,1
request,2
traded,1
released,2
however,7
say,2
whether,2
trade,1
exception,1
demand,1
even,2
intends,1
84,1
tradestrades,1
consent,1
covered,2
typically,1
signed,3
salariesother,1
notable,1
thesalary,1
capof,1
entire,5
allotted,1
purse,3
85,1
picked,2
unless,2
previously,1
acricket,1
86,1
run,2
take,3
option,1
denominated,1
rupee,1
dollar,3
remunerated,1
currency,1
choice,1
exchange,1
rate,3
date,3
actual,1
payment,1
87,1
could,1
discrete,1
fixed,1
sum,2
lakh,4
received,2
significant,1
opposition,3
complained,1
richer,1
luring,1
deals,2
decided,1
88,1
give,1
country,1
89,3
report,4
byforbes,1
average,3
90,2
contracted,2
duration,2
less,3
weekly,1
extrapolatedpro,1
datato,1
obtain,1
unlike,1
single,3
91,1
according,2
bythe,1
telegraph,2
paid,6
lowest,2
compared,1
major,3
receive,1
thefederation,1
associationssaid,1
fairly,3
92,1
93,1
94,1
rownumber,3
tr,26
eaecf0,1
thead,2
c8ccd1,2
inset,1
202122,1
gray,2
listing,1
expensive,6
along,2
respective,2
purchase,2
yearyearauction,1
locationplayernationalityteamprice,1
dhoniindiachennai,1
95,1
2009goakevin,1
pietersenenglandroyal,1
96,1
andrew,1
flintoffchennai,1
kings2010bengalurushane,1
bondnew,1
zealandkolkata,1
97,1
kieron,1
pollardwest,1
indiesmumbai,1
indians2011gautam,1
gambhirindiakolkata,1
98,1
2012chennairavindra,1
jadejachennai,1
99,1
2013glenn,1
maxwellaustraliamumbai,1
2014dubaiyuvraj,1
singhindiaroyal,1
bangalore14,1
101,1
2015bengalurudelhi,1
daredevils16,1
102,1
2016shane,1
watsonaustraliaroyal,1
103,1
2017ben,1
stokesenglandrising,1
104,1
2018rajasthan,1
105,1
2019jaipurvarun,1
chakravarthyindiakings,1
106,1
107,1
2020kolkatapat,1
cumminsaustraliakolkata,1
108,1
2021chennaichris,1
morrissouth,1
africarajasthan,1
crore2022bengaluruishan,1
kishanindiamumbai,1
crore2023kochisam,1
curranenglandpunjab,1
crore2024dubaimitchell,1
starcaustraliakolkata,1
crore2025jeddahrishabh,1
pantindialucknow,1
giants27,1
croretournament,1
summarymain,1
resultsandlist,1
statisticschennai,1
indianshave,1
ridershave,1
109,1
whilerajasthan,1
titansandroyal,1
bengaluruhave,1
110,1
111,2
reigning,1
defeated,1
runs,3
secure,1
upplayoffs,1
playedseasons,1
playedchennai,1
kings5,1
1216mumbai,1
indians5,1
1118kolkata,1
riders3,1
818royal,1
bengaluru1,1
1018sunrisers,1
hyderabad1,1
713rajasthan,1
royals1,1
616gujarat,1
titans1,2
34deccan,1
25punjab,1
kings2,1
318delhi,1
capitals1,2
2020,18
618rising,1
2017,16
12lucknow,1
giants24gujarat,1
defuncteditions,1
resultsyearfinalvenueplayer,1
seasonwinnerresultrunners,1
up2008rajasthan,1
wicketsscorecardchennai,2
dy,2
patil,2
stadium,16
navi,2
mumbaishane,1
watson,3
2009deccan,1
runsscorecardroyal,3
wanderers,1
johannesburgadam,1
gilchrist,1
2010chennai,1
runsscorecardmumbai,1
mumbaisachin,1
tendulkar,3
2011chennai,1
chennaichris,1
gayle,4
chennaisunil,2
narine,3
2013mumbai,1
runsscorecardchennai,2
eden,2
gardens,2
kolkatashane,1
2014kolkata,1
wicketsscorecardkings,1
bengaluruglenn,1
maxwell,2
kolkataandre,1
russell,2
srh,3
bengaluruvirat,1
kohli,5
2017mumbai,1
runscorecardrising,1
hyderabadben,1
stokes,2
rps,2
wicketsscorecardsunrisers,2
wankhede,1
mumbaisunil,1
runscorecardchennai,1
hyderabadandre,1
wicketsscorecarddelhi,1
dubai,2
dubaijofra,1
archer,2
runsscorecardkolkata,1
dubaiharshal,1
patel,2
gt,2
wicketsscorecardrajasthan,1
narendra,3
ahmedabadjos,1
buttler,3
2023chennai,1
wickets,4
dls,1
scorecardgujarat,1
ahmedabadshubman,1
gill,3
runsscorecardpunjab,1
ahmedabadsuryakumar,1
yadav,1
teamsseasonsteam200820092010201120122013201420152016201720182019202020212022202320242025chennai,1
kingsrusfccruru3rdrususpendedcru7thc9thc5th10thdelhi,1
capitalssfsf5th10th3rd9th8th7th6th6th8th3rdru3rd5th9th6th5thgujarat,1
riders6th8th6th4thc7thc5th4th3rd3rd5th5thru7th7thc8thlucknow,1
indians5th7thru3rd4thc4thc5thc5thcc5th10th3rd10th3rdpunjab,1
kingssf5th8th5th6th6thru8th8th5th7th6th6th6th6th8th9thrurajasthan,1
royalsc6th7th6th7th3rd5th4thsuspended4th7th8th7thru5th3rd9throyal,1
bengaluru7thru3rdru5th5th7th3rdru8th6th8th4th4th3rd6th4thcsunrisers,1
teamsdeccan,1
listed,2
alphabetically,2
order,1
entry,1
avoid,2
black,2
championsrunners,1
upteam,1
playoff,1
took,5
2010team,1
qualified,2
playoffs,1
seasonyearleague,1
table1st2nd3rd4th5th6th7th8th9th10th2008rrkxipcskddmikkrrcbdec2009ddcskrcbdeckxiprrmikkr2010mideccskrcbddkkrrrkxip2011rcbcskmikkrkxiprrdecktkpwidd2012ddkkrmicskrcbkxiprrdecpwi2013cskmirrsrhrcbkxipkkrpwidd2014kxipkkrcskmirrsrhrcbdd2015cskmircbrrkkrsrhddkxip2016glrcbsrhkkrmiddrpskxip2017mirpssrhkkrkxipddglrcb2018srhcskkkrrrmircbkxipdd2019micskdcsrhkkrkxiprrrcb2020midcsrhrcbkkrkxipcskrr2021dccskrcbkkrmipbksrrsrh2022gtrrlsgrcbdcpbkskkrsrhcskmi2023gtcsklsgmirrrcbkkrpbksdcsrh2024kkrsrhrrrcbcskdclsggtpbksmi2025pbksrcbgtmidcsrhlsgkkrrrcskindicates,1
winnerindicates,1
playoffsall,1
standingsas,1
2025current,1
teamsteamappearancesbest,1
dotted,1
cursor,2
help,2
kings1620082025champions,1
indians1820082025champions,1
riders1820082025champions,1
royals1620082025champions,1
hyderabad1320132025champions,1
titans420222025champions,1
bengaluru1820082025champions,1
chargers520082012champions,1
giants420222025eliminator,1
lions220162017qualifier,1
india320112013group,1
kerala120112011group,1
teamrecords,1
statisticsmain,1
article,4
statisticsas,1
2025virat,1
kohliis,1
highest,7
chahalis,1
recordsmost,3
runsvirat,1
fours771most,1
sixeschris,1
357most,1
centuriesvirat,1
8most,1
season973,1
best,6
strike,1
ratephil,1
salt,2
scorechris,1
175,2
vspune,1
partnershipvirat,1
kohliandab,1
de,1
villiers,1
229,1
vsgujarat,1
wicketsyuzvendra,1
chahal,1
221best,1
figuresalzarri,1
joseph,1
vssunrisers,1
seasonharshal,1
dwayne,1
bravo,1
dismissalsas,1
dhoni,2
201most,1
catchesas,1
afieldervirat,1
112,1
117team,1
recordshighest,1
totalsunrisers,1
vsroyal,1
totalroyal,1
bengaluru49,1
vskolkata,1
sourcemost,1
appearancesas,1
rankplayerteamyears,1
activeappsrunswkts1ms,1
dhonicsk,1
sharmadch,1
karthikdd,1
gl,2
jadejacsk,1
ktk,1
dhawandc,1
dch,1
pbks,1
ashwincsk,1
rainacsk,1
uthappacsk,1
pwi,1
rayuducsk,1
espncricinfo,5
113,1
currently,2
active,1
appear,1
awardsprize,1
moneystarting,1
distribution,1
fair,4
awardthe,3
award,12
record,4
thethird,1
umpirescore,1
114,1
winners,5
werechennai,1
wonchennai,1
kings7,1
royals3,1
indians2,1
hyderabad2,1
punjab1,1
lions1,1
orange,8
capthe,2
awarded,4
ongoing,2
wearing,1
whilst,2
eventual,2
winner,6
keeps,2
mccullumwas,1
wear,1
andshaun,1
marshthe,1
australian,4
batsmandavid,1
warnerhas,1
times,40
115,1
sai,2
sudharsan,2
titans,4
scored,1
759,1
116,1
117,1
capsplayer,1
3david,1
warner,1
2chris,1
virat,1
1shaun,1
marsh,1
matthew,1
hayden,1
sachin,1
michael,1
hussey,1
robin,1
uthappa,1
kane,1
williamson,1
kl,1
rahul,1
ruturaj,1
gaikwad,1
jos,1
shubman,2
purple,6
wears,1
kumaranddwayne,1
bravoare,1
twice,1
118,1
119,1
harshal,1
patelofpunjab,1
playerthe,1
formerly,1
man,1
ratings,1
introduced,2
narinewon,1
emerging,4
presented,2
rising,1
star,15
young,1
rahmanis,1
win,6
120,1
wasnitish,1
kumar,2
hits,2
121,1
financessee,1
revenuetitle,1
sponsorshiptitle,1
sponsorship,7
fees,3
122,1
sponsorperiodestimated,1
9,19
123,1
sponsor,7
wasdlf,1
real,1
estate,1
developer,1
124,2
pepsicobought,1
125,1
expiry,1
suspension,1
126,1
transferred,1
chinese,1
smartphone,1
127,1
crowd,1
iplseason,1
inkolkatain,1
vivo,15
260,1
128,1
129,1
canceled,1
amilitary,1
china,2
130,1
withdrawal,2
result,2
market,1
losses,2
covid,1
intended,2
131,1
dream11became,1
sponsors,7
132,1
133,1
thetata,1
groupfor,1
134,1
insidesportreported,1
agreed,1
higher,1
last,2
expansion,1
structure,1
tata,5
deficit,1
135,1
136,1
aramcobought,1
advertise,1
caps,1
137,1
payments,1
boardsthe,1
pays,1
auctioned,2
shukla,1
said,9
double,3
available,2
138,1
theaustralian,2
associationexpressed,1
unhappiness,1
brand,10
valuethe,1
rapidly,1
grew,1
experts,2
duff,1
phelps,1
contributing,1
factor,1
television,8
private,2
limited,3
engaged,1
viewers,6
transmitted,1
regional,2
channels,2
languages,1
transmissions,1
networks,2
commentary,2
139,1
140,1
adecacornvalued,1
registering,1
growth,2
141,1
valueteamyear20252024,1
142,1
143,1
144,2
145,1
146,1
valuebrand,4
valueroyal,1
269m,1
117m,1
70m,1
68m,2
50mmumbai,1
242m,1
119m,1
87m,1
83m,1
80mchennai,1
235m,1
122m,2
81m,2
74m,1
76mkolkata,1
227m,1
109m,1
79m,1
77m,1
66msunrisers,1
154m,1
85m,1
48m,1
49m,1
52mdelhi,1
152m,1
80m,1
64m,1
62m,2
56mrajasthan,1
146m,1
61m,1
34mgujarat,1
142m,1
69m,1
65m,1
141m,1
45m,2
36mlucknow,1
60m,1
47m,1
insurance,2
590,1
policy,2
involves,1
stakeholders,3
broadcasters,3
ancillary,1
services,2
providers,1
case,4
weather,1
riots,1
unforeseen,1
events,1
147,1
broadcastingmain,1
televisionthe,1
property,2
jiocinemaestimated,1
watched,1
part,3
leagueoverall,1
350,1
minutes,5
streamed,1
across,1
148,1
seen,1
onstar,1
sportsby,1
169,3
onlinear,1
149,1
byjiostar,1
originally,2
corporate,2
predecessors,1
disney,6
viacom18,6
coverage,3
carried,2
via,3
streaming,5
servicejiohotstar,1
sportspay,1
televisionnetworks,1
150,1
151,1
main,2
packages,1
digital,10
collectively,1
causing,2
overtake,1
thepremier,1
leaguein,1
second,2
worldwide,2
behind,1
152,1
153,1
154,1
155,1
bysony,1
pictures,1
andworld,1
156,1
157,1
split,1
spn,2
assony,1
max,1
primarily,1
thehindilanguage,1
sony,3
hindi,1
bengali,1
kannadaandtelugu,1
andsony,1
espn,1
158,1
producedextraaa,1
anaftershowthat,1
entertainment,1
celebrity,1
guests,1
interviews,1
159,1
160,1
hotstarheld,1
161,1
162,1
163,1
164,1
lost,2
consortium,1
ofreliance,1
industriesandviacom18,1
stream,1
service,3
jiocinema,4
165,1
maintaining,1
loss,1
notably,1
contributed,1
losing,3
fiscal,1
q4,1
166,1
167,1
broadcastersterritorychannelsyearsindiastar,1
1star,3
hindistar,1
kannadastar,1
tamilstar,1
telugu,1
hdstar,2
goldstar,1
bharatstar,1
utsav,1
moviesstar,3
jalsa,1
maa,1
suvarna,1
plusstar,1
vijay,2
supercolors,1
tamilasianet,1
hdatn,1
news,8
hd2024ariana,1
2024australiafoxtelfox,1
cricketkayo,1
168,5
kayo,1
freebies,1
bangladesht,1
hd2024t,1
app2024indonesiavidio,1
zealandcolors,1
max2025pakistantapmad,1
app2024irelandsky,1
kingdomsouth,1
africasupersport2023,1
sri,3
lankastar,1
2star,1
hd,2
2supreme,1
2025united,1
stateswillow,1
tv2023,1
east,4
north,5
africatimes,1
internet2023,1
bettingin,1
the2012,1
gave,1
ban,4
todeccan,1
chargersplayertp,1
sudhindraand,1
170,1
asting,1
operation,2
indiaplayermohnish,1
mishrawas,1
recorded,1
stating,1
throughblack,1
mishra,2
apologized,2
incorrect,1
statement,1
171,1
172,1
police,4
detainedrahul,1
sharmaandwayne,1
parnellwhen,1
caught,1
raid,1
arave,1
partyin,1
suburb,1
denied,1
taking,1
drugs,3
drinking,1
alcohol,1
173,1
proven,2
reality,1
banned,5
tested,2
urine,1
blood,1
samples,1
lab,1
174,1
the2013,1
arrested,2
playersajit,1
chandila,1
ankeet,1
chavanands,1
sreesanthon,1
allegations,1
arrestedgurunath,1
meiyappan,7
principal,4
president,8
illegally,1
passing,1
information,2
bookmakers,1
176,1
thelodha,2
appointed,3
supreme,3
court,4
bannedrajasthan,1
andchennai,1
gurunath,3
found,2
guilty,3
bringing,1
game,8
disrepute,2
involving,1
justicerm,1
lodhasaid,1
matter,1
reputation,1
hurt,1
quite,1
grievously,1
brought,1
extent,1
doubts,1
abound,1
public,1
clean,1
justice,1
lodha,2
elaborated,1
observations,1
beyond,1
doubt,1
heavily,1
involved,3
177,1
strategic,8
timeoutsstarting,1
the2009,4
strategictimeout,1
tenth,1
lasting,1
178,1
andsachin,1
tendulkardisapproved,1
179,1
many,6
drinks,1
break,1
earn,2
faced,1
widespread,2
backlash,3
180,3
181,2
rule,2
make,2
strategies,1
still,2
critics,2
disagreed,1
argument,1
timeout,3
way,1
generate,1
the2010,2
criticism,1
created,1
flexible,1
reducing,2
side,1
182,1
boost,1
slot,1
gets,4
halts,1
gavaskarsaid,1
reasons,1
delay,1
stipulated,1
hours,2
rather,1
183,1
versus,1
in2023,1
remarked,1
batsmen,1
get,3
indicating,1
negative,2
role,1
immediate,1
fall,2
disrupting,1
concentration,1
batters,1
184,1
criticized,3
interrupting,1
flow,1
past,1
facedpublic,1
interest,1
litigationwith,1
possibility,1
breaks,1
bookies,2
connect,1
admitted,1
unavoidable,1
provide,4
additional,2
ads,1
srinivasanwas,1
sacked,1
pending,1
inquiry,1
andjagmohan,1
dalmiyawas,1
interim,1
dalmia,1
openly,1
expressed,1
measures,2
restrain,1
malpractices,1
incidents,2
playersin,1
harbhajan,1
slappeds,1
sreesanth,3
ashamed,1
185,1
186,1
interview,1
yuzvendra,4
chahalrevealed,1
physical,1
harassment,1
happened,2
party,4
building,2
drunken,1
teammate,1
balcony,2
overpowered,1
hung,1
floor,1
narrowly,1
survived,1
day,9
187,1
188,2
189,2
another,1
incident,2
teammates,1
includingandrew,1
symonds,1
tied,2
gagged,1
mouth,1
threw,1
hotel,2
room,3
remained,1
alone,1
night,1
arrived,1
morning,3
untied,1
hands,3
legs,1
190,1
reveal,2
names,1
offenders,1
reacting,1
revelations,1
virender,1
sehwagexpressed,1
wanted,2
offender,2
name,5
furiousravi,1
shastriexpressed,1
bannedravindra,1
jadejafrom,1
violated,2
guidelines,1
renewal,1
instead,1
negotiated,1
lucrative,1
back,3
door,1
191,1
disputein,1
presidentshashank,1
manoharstated,1
press,1
conference,1
know,5
identities,1
192,1
amid,3
controversy,1
shilpa,2
shettystated,1
twitter,1
proprietor,3
193,1
manohar,3
revealed,6
process,1
onlypreity,1
zintahad,1
initially,1
come,2
forward,2
194,1
formed,1
company,2
shares,2
within,2
195,1
alleged,1
shetty,2
agreements,1
permission,1
mandatory,1
transferring,1
196,1
n,3
cskin,1
leaked,1
aneconomic,1
timesarticle,1
former,3
presidentlalit,1
modihelped,1
presidentn,1
srinivasanto,1
buyandrew,1
flintoffin,1
teamchennai,1
197,1
owning,1
hisconflict,1
interests,1
presidenta,1
muthiahfiled,1
lawsuit,1
thesupreme,1
claimed,1
altered,1
committeebanned,1
providing,2
inside,1
198,1
buying,2
serving,1
judge,1
commented,1
chief,2
199,1
owns,3
daughterrupa,1
gurunathoften,1
appears,1
stadiums,2
contractsdue,1
giving,1
countries,1
andcricket,1
australiastarted,1
associationalso,1
opposed,1
arrangement,1
shashi,2
rswin,1
thatsunanda,1
wife,1
minister,3
state,7
external,1
affairsshashi,1
hadsweat,1
equityshares,1
inrendezvous,1
rsw,2
ofkochi,1
partybjpagitated,1
congress,3
worth,1
leave,2
felt,2
pleaded,1
pressure,1
demanded,1
resignation,1
progressive,1
alliance,1
2who,1
got,2
slammed,2
illegal,1
moves,1
200,1
slow,5
ratesfield,1
sometimes,1
penalize,2
restricting,1
area,1
referees,1
captains,1
solved,1
problem,1
speed,1
finish,1
late,1
rishabh,4
pant,4
captain,1
lakhs,1
rates,1
201,1
millions,2
feel,1
202,1
cricketformer,1
captainkapil,1
devclaimed,1
increasing,1
risk,1
injury,3
avoided,1
appeared,1
fixtures,1
203,1
security,4
issuesduring,1
thenupagovernment,1
refused,2
paramilitary,1
general,2
elections,2
complicated,1
theattack,1
lankan,1
teamin,1
pakistan,14
204,1
shifted,1
tosouth,1
205,1
similar,2
situation,1
occurred,1
the2014,2
seasondue,1
home,2
ministersushil,1
shindedeclined,1
206,1
schedule,1
jointly,1
hosted,1
opening,1
theuaeat,1
inabu,1
dubaiandsharjah,1
returning,1
207,1
week,2
caused,2
resulted,1
thepahalgam,1
terrorist,3
attack,2
consulting,1
relevant,1
208,1
209,1
geopolitical,2
tensions,4
conflict,1
closure,1
airports,1
railwaysorganized,1
specialvande,1
bharat,1
express,7
trainsfor,1
support,1
staff,3
commentators,1
production,1
crew,1
operations,1
210,1
exclusion,4
playersfollowing,1
thenovember,1
attacksinmumbaiby,1
surged,1
aftermath,2
211,1
selected,1
theircontracts,1
terminatedbefore,1
excluded,1
subsequent,1
editions,1
212,1
protests,1
213,1
retired,1
cricketer,1
prime,2
ministerimran,1
stated,2
accused,2
arrogance,1
worry,1
214,1
certain,1
includinghasan,1
aliandsohail,1
tanvirexpressed,1
disappointment,1
getting,1
opportunity,1
215,1
216,1
bilateral,1
series,8
pulled,1
the2009series,1
217,1
auctionon,1
jeddah,1
saudi,1
arabia,1
registered,2
218,1
prompting,1
fans,1
219,1
concluded,1
largely,1
supported,1
theviolence,1
hindus,1
bangladeshin,1
ofresignationofsheikh,1
hasinaon,1
220,1
see,1
portalcricket,1
indiasport,2
overview,1
culturelist,1
indialist,1
indiaindian,2
heaven,1
decimal,1
formats,1
leagueand,1
variousdomestic,1
footballindian,1
thepro,1
kabaddi,5
leagueandpro,1
volleyball,3
adopted,1
elements,1
influenced,1
minority,1
q,1
quotes,1
target,1
rgba,1
url,6
body,5
contain,1
padding,1
d33,2
085,1
18911f,2
replace,1
original,142
retrieved22,7
global,2
giant,1
retrieved20,43
future,1
programme,1
meteoric,1
retrieved19,10
rise,2
pdf,2
youtube,2
nick,1
chris,1
big,8
bash,6
jumps,1
attended,1
sydney,2
ravi,2
bapna,1
amit,1
war,1
isl,2
nation,1
economic,15
watch,2
retrieved25,12
nadu,6
feeder,1
archived,8
originalon,8
move,1
rural,1
terms,2
costiler,1
today,10
retrieved12,4
scramble,1
plans,1
sourav,2
ganguly,2
retrieved16,5
journey,1
begin,1
garners,1
rs,5
sale,3
retrieved7,8
moinak,1
concrete,1
shape,1
il,1
retrieved26,13
subhash,1
kerry,1
packer,1
trust,2
shoots,1
announces,1
lists,1
hikes,1
started,1
jamie,1
retrieved17,2
andy,1
raw,1
talent,1
plus,1
cash,2
point,1
era,1
dominance,1
guardian,2
bollywood,1
grab,2
info,1
retrieved21,6
ajay,1
survive,1
biggest,1
innovation,1
everyone,1
piece,1
siddarth,1
gollapudi,1
nagraj,4
unveiled,1
terminates,2
pull,1
shriniwas,2
rao,1
sahara,1
rajkot,1
host,2
announce,1
uae,1
timings,1
coronavirus,1
approved,1
points,2
retrieved3,12
amol,1
limit,13
likely,1
rpsg,1
ahmedabad,2
newest,1
sell,2
465m,1
pounds,1
joins,1
satya,1
nadella,1
retrieved29,3
hundred,2
buy,4
manchester,1
retrieved4,4
secures,1
northern,1
superchargers,1
retrieved5,2
matt,1
agree,2
share,2
hampshire,1
completes,2
revamp,1
retrieved15,2
official,2
website,2
retrieved9,4
shayan,1
roger,2
binny,2
meet,2
agm,1
elected,1
awards,3
need,3
retrieved11,5
mathur,1
call,1
shots,1
retrieved6,1
cricopinion,2
full,1
earnings,1
retrieved14,4
law,1
hindu,6
pti,2
penalties,2
keeper,1
retrieved30,2
explained,3
works,1
sheets,2
retrieved31,7
starts,1
foreigners,1
sundararaman,1
malolan,1
determining,1
illustration,1
gmr,1
manage,2
rotational,1
basis,1
torrent,1
acquisition,1
sanjiv,1
says,6
indiawin,1
reliance,1
plan,1
kathakali,1
slay,1
goliath,1
retrieved27,1
sagar,1
fours,1
lift,2
united,2
scorecard,1
fy24,1
substantially,1
andhra,3
retention,1
faqs,1
becomes,2
ever,1
sanju,1
samson,1
fate,1
fully,1
despite,1
2026,2
detailing,1
increase,1
instances,1
regulations,1
longlist,1
651,1
uncapped,1
stars,1
contrast,3
earners,1
wire,1
wages,1
federation,1
tim,2
think,1
well,1
daily,3
proportionately,1
union,1
retrieved24,3
flintoff,2
pietersen,1
buys,1
ipl3,1
bag,2
pollard,1
whopping,1
nucleus,1
retrieved13,2
ravindran,1
jadeja,2
jayawardene,1
vinay,1
glenn,1
scores,3
pepsi,1
iplt20,1
latest,1
results,1
headlines,1
updates,1
jesse,1
unwanted,1
ago,1
shane,1
surges,2
herald,1
jason,1
roy,1
darren,1
sammy,1
guptill,1
takers,1
quint,1
simon,1
goes,2
root,1
snubbed,1
sunday,1
retrieved28,3
unsold,1
retrieved18,12
cummins,1
windfall,1
aussies,1
rip,1
third,1
1st,1
batsman,1
dismissed,1
test,1
born,1
catches,1
calculated,1
addictor,1
look,1
leaderboard,1
fizz,1
adjudged,1
retrieved23,3
dlf,2
cr,2
retrieved10,6
varada,1
kamath,1
raghavendra,1
unlikely,1
sells,1
pepsico,2
71m,1
set,2
early,1
gaurav,2
companies,1
gear,1
retains,1
till,1
massive,2
vidhi,1
richest,1
withdraws,1
impacts,1
balance,1
dream,1
replaces,2
222,1
1000,1
sponsorships,1
cross,1
standard,1
redirect,1
notice,1
gupta,1
valuation,3
stronger,2
soars,2
javed,2
crosses,1
decacorn,1
p,3
advisory,1
ranking,2
finance,1
brandirectory,1
tops,1
mike,1
valuations,1
cover,1
josh,1
620m,1
draws,1
jiohotstar,2
hotstar,3
merges,1
combines,1
patrick,2
ramachandran,2
naman,2
carve,2
subcontinent,1
cost,1
soccer,3
viewership,1
touch,1
500,1
analysis,1
promote,1
wins,1
numbers,1
lata,1
queers,1
pitch,1
rivals,1
tony,1
subscribers,2
q1,1
jio,1
effect,1
sheds,1
mn,1
dec,1
quarter,1
landscape,1
redrawn,1
liga,1
kriket,1
terbaik,1
di,2
dunia,1
hadir,1
vidio,2
comes,1
indonesian,1
suspends,2
sting,1
retrieved2,4
mohnish,1
admits,1
aplogises,1
ayan,1
tale,1
sex,1
storms,1
scandals,1
juhu,1
rave,1
positive,1
rocks,1
cricketing,1
kundra,1
life,3
lawrence,1
introduces,1
compulsory,1
town,1
hampering,1
momentum,1
atmigration,1
ians,1
rasesh,1
controversial,1
outs,1
armed,1
ruling,1
shortens,1
gavaskar,2
stick,1
starthe,1
sports1,1
sunil,1
hindustan,3
sehwag,1
person,1
furious,1
shastri,1
reacts,1
episode,1
slaps,1
ravindra,1
asks,2
came,1
seeks,1
explanation,1
foul,2
cement,1
scam,1
panel,1
soumitra,1
resigns,1
pm,1
accepts,1
skipper,1
slapped,1
fine,1
clock,1
little,2
bit,2
wo,1
kapil,1
dev,1
drops,1
bombshell,1
government,1
ca,2
polls,1
open,1
military,1
escalate,1
tarah,1
se,1
kiya,1
woh,1
bahut,1
achcha,1
tha,1
lauds,1
railways,2
arranging,1
special,1
trains,1
archived21,1
thewayback,3
machinethe,1
afridi,1
box,1
office,1
babar,1
rizwan,1
worrisome,1
pick,1
pak,1
perfect,1
archived11,1
machine,2
protest,1
snub,2
imran,1
slams,1
bcciarchived11,1
ndtv,1
desk,1
regret,1
pacer,2
sohail,1
tanvir,1
steve,1
cancels,1
tour,1
voice,1
america,1
overlook,1
spotlight,1
bangladesh,3
news24,1
bangladeshis,1
cry,1
claim,1
instructed,1
2px,2
flex,1
src,2
invert,2
brightness,2
250,2
180deg,2
wikimedia,3
related,2
toindian,1
websitetournament,1
nowrap,2
fdfdfd,3
ccf,1
ddf,1
e6e6ff,1
f7f7f7,1
block,1
span,1
abbr,4
7em,1
4em,1
vteindian,1
leagueboard,1
indiacricket,1
indiaseasons2008200920102011201220132014201520162017201820192020202120222023202420252026personnel,1
changes2008200920102011201220132014201520162017201820192020202120222023202420252026finals200820092010201120122013201420152016201720182019202020212022202320242025teamscurrentchennai,1
kingscricketersdelhi,1
capitalscricketersgujarat,1
titanscricketerskolkata,1
giantsmumbai,1
indianscricketerspunjab,1
kingscricketersrajasthan,1
royalscricketersroyal,1
hyderabadcricketersdefunctdeccan,1
chargerscricketersgujarat,1
lionscricketerskochi,1
keralacricketerspune,1
indiacricketersrising,1
supergiantlistsseasons,1
resultsrecords,1
haulscaptainsrelated,1
topicschampions,1
twenty20women,1
leaguecategorycommonslinks,1
articlesvtecricket,1
indiabccipresidentsawardsc,1
nayudu,3
awardpolly,1
umrigar,1
awardmansur,1
pataudi,1
memorial,1
lecturenational,1
teamsmenwomenmen,1
amen,1
central,1
zone,6
men,44
chhattisgarh,1
madhya,1
uttarakhand,1
vidarbha,1
assam,1
bengal,2
bihar,1
jharkhand,1
odisha,1
tripura,1
haryana,1
himachal,1
jammu,1
kashmir,3
arunachal,2
manipur,1
meghalaya,1
mizoram,1
nagaland,1
sikkim,1
karnataka,1
pondicherry,1
baroda,1
goa,1
maharashtra,1
saurashtra,1
othersassociation,1
universitiescricket,1
trophyduleep,1
trophyirani,2
cupsenior,1
inter,2
zonal,2
gameinter,1
daydeodhar,1
trophyvijay,2
hazare,2
trophywomen,4
senior,6
trophysenior,5
challenger,6
trophybcci,1
wills,1
nkp,1
salve,1
twenty20statesyed,1
trophyfranchiseindian,1
leaguewomen,2
leagueindian,4
challenge,3
regionalandhra,1
leaguebengal,2
pro,8
leaguedelhi,2
t20madhya,1
leaguemaharaja,2
ksca,3
t20rajasthan,2
leaguesaurashtra,2
cuptamil,2
leagueuttarakhand,2
trophycooch,2
behar,2
trophylist,2
avinoo,1
mankad,2
trophyvizzy,2
trophyrohinton,2
baria,2
trophyt10indian,1
street,2
leaguesports,1
complexesnational,1
academylistcoachescaptainsselectorstest,1
groundstest,1
recordsodi,1
recordst20i,1
recordshistory,1
rivalry,1
mrf,1
pace,1
foundationvtetwenty20,1
european,1
blast,3
2003,1
smash,2
2006,2
caribbean,4
canada,1
lanka,3
minor,1
sa20,1
nepal,2
spring,1
nationalafricacsa,1
2004,1
zimbabwe,1
csa,1
provincial,2
cup,14
americaswomen,1
blaze,1
breakout,1
asianational,1
2005,2
shpageeza,1
championship,2
europedutch,1
scottish,1
county,1
domesticindiatamil,1
maharaja,1
stanford,2
sea,1
nationalafricamzansi,1
americasstanford,1
asiaslc,1
slc,1
hong,1
kong,1
blitz,1
afghanistan,1
europewomen,1
charlotte,1
edwards,1
domesticbangladeshdhaka,1
division,2
indiakarnataka,1
kca,1
pakistankashmir,1
vtechampions,1
twenty20editions200920102011201220132014squads200920102011201220132014listsrecords,1
statisticscaptainsqualifyingtournaments2014big,1
leaguecaribbean,1
leaguehaier,1
cuphrv,1
cupindian,1
leagueram,1
slam,1
challengesuper,1
friends,1
kfc,1
vtesports,1
indianationalbasketball3x3,1
basketball,4
leagueelite,1
leagueuba,1
leaguecricketfirst,1
classduleep,1
trophyranji,1
adeodhar,1
trophytwenty20indian,1
leaguesenior,1
trophysyed,1
challengewomen,1
leaguet10indian,1
leagueyouthck,1
trophyvinoo,1
trophyfield,1
hockeyhockey,1
leaguepremier,2
hockey,2
3indian,1
leaguenational,1
beach,1
divisionthird,1
divisionsantosh,1
trophyyouth,1
leaguereal,1
leaguemotorsportsi1,1
racing,2
supercross,1
leaguevolleyballindian,1
volley,1
leaguepro,3
leagueothersrugby,1
leagueequestrian,1
leaguefutsal,1
championshipnational,1
lawn,1
tennis,1
badminton,2
leagueultimate,1
kho,1
khoultimate,1
tennisshooting,1
golf,1
leaguearchery,1
futsal,1
championshippremier,1
handball,1
panja,1
wrestling,1
leaguesuper,3
boxing,1
fight,1
leaguetennis,1
leagueregionalcricketandhra,1
t20karnataka,1
leaguefootballnorthandcentralchhattisgarh,1
championshipfd,1
divisionfd,1
leaguehimachal,1
leaguejammu,1
leaguelucknow,1
divisionmadhya,1
leaguepunjab,2
leagueeastandnortheastindrajit,1
namchoom,1
leagueassam,1
leaguebihar,1
leaguemanipur,2
leaguemeghalaya,1
leaguemizoram,2
leaguessa,1
leaguenagalandfao,1
leaguefao,1
leaguesikkim,1
leaguecalcutta,2
leaguewestgoa,1
leaguegoa,1
leaguegujarat,1
sfa,1
championshipmumbai,1
leaguepune,1
divisionsouthbangalore,1
divisionchennai,1
leaguekarnataka,1
leaguekerala,2
leaguemalabar,1
keralatamil,1
leagueotherscalcutta,1
leaguejunior,1
leaguemaharashtra,1
kusti,1
databasesinternationalgndotheryale,1
luxretrieved,1
https,5
categories,2
leagueprofessional,1
indiaprofessional,1
leaguestwenty20,1
leaguessports,1
20082008,1
indiahidden,1
extensioncs1,1
linksarticles,1
descriptionshort,1
wikidatawikipedia,1
pagesuse,1
2021all,1
englishuse,1
2025articles,1
2025all,1
statementsarticles,1
2025commons,1
wikidatathis,1
page,1
edited,1
utc,1
thecreative,1
license,1
apply,1
theterms,1
useandprivacy,1
trademark,1
thewikimedia,1
foundation,2
policyabout,1
wikipediadisclaimerscontact,1
wikipediacode,1
conductdevelopersstatisticscookie,1
statementmobile,1
viewsearchsearchtoggle,1
languagesadd,1
topic,1
wghostname,1
wgbackendresponsetime,1
wgpageparsereport,1
limitreport,1
cputime,1
walltime,1
ppvisitednodes,1
revisionsize,1
postexpandincludesize,1
templateargumentsize,1
expansiondepth,1
expensivefunctioncount,1
entityaccesscount,1
timingprofile,1
reflist,1
navbox,1
inrconvert,1
navboxes,1
pagetype,1
scribunto,1
cachereport,1
origin,1
timestamp,1
20251026032600,1
ttl,1
transientcontent,1
context,1
type,4
sameas,1
http,2
mainentity,1
author,1
contributors,1
projects,1
publisher,1
logo,1
imageobject,1
datepublished,1
datemodified,1
image,1
headline,1
